use Ogród_Zoologiczny;

insert into Zwierze (Gatunek, P³eæ, Wiek, Imiê)
values ('Pies', 'M', 5, 'B³yskawica'),
       ('Kot', 'K', 2, 'Cytryna'),
       ('Chomik', 'M', 1, 'Diament'),
       ('¯ó³w', 'M', 10, 'Fio³ek'),
       ('Królik', 'K', 3, 'Groszek'),
       ('Papuga', 'K', 5, 'Hanka'),
       ('Rybka', 'K', 1, 'Irka'),
       ('Chomik', 'M', 4, 'Jagoda'),
       ('Szynszyla', 'K', 3, 'Kajtek'),
       ('Fretka', 'M', 2, 'Koral'),
       ('Chomik', 'K', 1, 'Lila'),
       ('Kot', 'M', 6, '£atek'),
       ('Papuga', 'M', 4, 'Maks'),
       ('Szynszyla', 'K', 2, 'Nel'),
       ('Królik', 'M', 3, 'Oliwka'),
       ('Rybka', 'M', 1, 'Pestka'),
       ('Fretka', 'K', 2, 'Radomir'),
       ('Pies', 'M', 4, 'Szafir'),
       ('Kot', 'K', 5, 'Tola'),
       ('¯ó³w', 'M', 8, 'Wika');

insert into Choroba (Typowe_Objawy, ZakaŸliwosæ, Nazwa)
values ('Kaszel, Dusznoœæ, Brak apetytu', 'Œrednio zakaŸliwa', 'Grypa'),
       ('£zawienie oczu, Katar, Podra¿nienie skóry', 'Œrednio zakaŸliwa', 'Alergia'),
       ('Biegunka, Wymioty, Brak apetytu', 'Bardzo zakaŸliwa', 'Salmonella'),
       ('Z³e samopoczucie, Brak apetytu, Utrata masy cia³a', 'Bardzo zakaŸliwa', 'Toxoplazmoza'),
       ('Drapanie skóry, £zawienie oczu, Katar', 'Œrednio zakaŸliwa', 'Alergia na roztocza'),
       ('Brak apetytu, Utrata masy cia³a, Os³abienie', 'Bardzo zakaŸliwa', 'Wœcieklizna'),
       ('Z³e samopoczucie, Brak apetytu, Zaburzenia równowagi', 'Œrednio zakaŸliwa', 'Roztocze kurzu domowego'),
       ('Drapanie skóry, £zawienie oczu, Katar', 'Œrednio zakaŸliwa', 'Alergia pokarmowa'),
       ('Biegunka, Wymioty, Brak apetytu', 'Bardzo zakaŸliwa', 'Parwowiroza'),
       ('Kaszel, Dusznoœæ, Brak apetytu', 'Bardzo zakaŸliwa', 'Koronawirus'),
       ('£zawienie oczu, Katar, Podra¿nienie skóry', 'Œrednio zakaŸliwa', 'Alergia na py³ki'),
       ('Z³e samopoczucie, Brak apetytu, Utrata masy cia³a', 'Bardzo zakaŸliwa', 'Tê¿ec'),
	   ('Kaszel, Dusznoœæ, Brak apetytu', 'Œrednio zakaŸliwa', 'Grypa'),
       ('£zawienie oczu, Katar, Podra¿nienie skóry', 'Œrednio zakaŸliwa', 'Alergia'),
       ('Biegunka, Wymioty, Brak apetytu', 'Bardzo zakaŸliwa', 'Salmonella'),
       ('Z³e samopoczucie, Brak apetytu, Utrata masy cia³a', 'Bardzo zakaŸliwa', 'Toxoplazmoza'),
       ('Drapanie skóry, £zawienie oczu, Katar', 'Œrednio zakaŸliwa', 'Alergia na roztocza'),
       ('Brak apetytu, Utrata masy cia³a, Os³abienie', 'Bardzo zakaŸliwa', 'Wœcieklizna'),
       ('Z³e samopoczucie, Brak apetytu, Zaburzenia równowagi', 'Œrednio zakaŸliwa', 'Roztocze kurzu domowego'),
       ('Drapanie skóry, £zawienie oczu, Katar', 'Œrednio zakaŸliwa', 'Alergia pokarmowa');

insert into Choroba_Zwierzêcia (Id_Choroby, Id_Zwierzêcia, Data_Zachorowania, Objawy)
values (1, 3, '2022-01-09 10:00:00', 'Wymioty, Biegunka'),
       (9, 2, '2022-03-01 12:30:00', 'Brak apetytu, Utrata masy cia³a, Drapanie skóry'),
       (3, 1, '2018-05-10 14:15:00', 'Nieprawid³owa sierœæ, £zawienie oczu, Katar'),
       (4, 9, '2022-07-01 16:05:00', 'Biegunka'),
       (6, 5, '2022-09-12 18:00:00', '£zawienie oczu'),
       (5, 8, '2022-11-11 20:00:00', 'Brak apetytu'),
       (7, 7, '2019-01-02 22:40:00', 'Wymioty'),
       (8, 6, '2020-03-01 00:45:00', 'Brak apetytu, Utrata masy cia³a, Drapanie skóry'),
       (2, 4, '2022-05-09 02:50:00', 'Nieprawid³owa sierœæ'),
       (10, 15, '2022-07-01 04:00:00', 'Brak apetytu'),
       (19, 18, '2020-09-21 06:25:00', '£zawienie oczu, Katar, Drapanie skóry'),
       (17, 13, '2022-11-23 08:50:00', 'Nieprawid³owa sierœæ, Brak apetytu, Utrata masy cia³a'),
       (13, 12, '2022-01-01 10:10:00', 'Wymioty, Biegunka'),
       (11, 14, '2022-03-26 12:25:00', 'Utrata masy cia³a'),
	   (15, 10, '2021-12-03 14:00:00', 'Kaszel, Dusznoœæ, Brak apetytu'),
       (16, 16, '2022-02-27 16:00:00', '£zawienie oczu'),
       (12, 17, '2022-04-04 18:10:00', 'Biegunka, Wymioty, Brak apetytu'),
       (18, 11, '2021-06-04 20:00:00', 'Z³e samopoczucie'),
       (14, 19, '2022-08-12 22:50:00', 'Drapanie skóry'),
       (20, 20, '2022-10-02 00:05:00', 'Brak apetytu, Utrata masy cia³a, Os³abienie');


insert into Osoba (PESEL, Nazwisko, Wiek, Imiê)
values ('87062802339', 'Kowalski', 35, 'Jan'),
       ('69080617860', 'Nowak', 25, 'Anna'),
       ('92090723823', 'Wiœniewski', 45, 'Tomasz'),
       ('85120717869', 'Wójcik', 55, 'Katarzyna'),
       ('78100417865', 'Kowalczyk', 65, 'Piotr'),
       ('79100417869', 'Kamiñski', 75, 'Agnieszka'),
       ('88120517863', 'Lewandowski', 85, 'Marek'),
       ('85040117864', 'D¹browski', 95, 'Ewa'),
       ('89050217861', 'Zieliñski', 25, 'Janusz'),
       ('73092917865', 'Szymañski', 35, 'Ma³gorzata'),
       ('81030517868', 'WoŸniak', 45, 'Andrzej'),
       ('82061217860', 'Koz³owski', 55, 'Beata'),
	   ('93101117868', 'Jankowski', 65, 'Cezary'),
       ('86110317865', 'Majewski', 75, 'Danuta'),
       ('81071417869', 'Olszewski', 85, 'Edward'),
       ('87082117863', 'Piotrowski', 95, 'Joanna'),
       ('85082317866', 'Grabowski', 25, 'Krzysztof'),
       ('85082917869', 'Nowicki', 35, 'Lidia'),
       ('85083117867', 'Paw³owski', 45, 'Mariusz'),
       ('87083117868', 'Michalski', 55, 'Monika');


insert into Weterynarz (Id_Osoby, Specjalizacja_Weterynarska, Czas_Wykonywania_Zawodu, PESEL)
values (1, 'Chirurgia zwierz¹t', '2001-12-13 19:00:00', '87062802339'),
       (2, 'Weterynaria behawioralna', '1999-11-21 18:00:00', '69080617860'),
       (3, 'Dermatologia zwierz¹t', '2004-01-27 17:00:00', '92090723823'),
       (4, 'Stomatologia zwierz¹t', '2010-02-03 15:00:00', '85120717869'),
       (5, 'Oftalmologia zwierz¹t', '1998-02-02 14:00:00', '78100417865'),
	   (6, 'Chirurgia zwierz¹t domowych', '2003-03-24 13:00:00', '79100417869'),
       (7, 'Zachowanie zwierz¹t', '2004-11-15 12:00:00', '88120517863'),
       (8, 'Dermatologia zwierz¹t ma³ych', '2004-08-24 05:00:00', '85040117864'),
       (9, 'Stomatologia zwierz¹t ma³ych', '2006-10-25 04:00:00', '89050217861'),
       (10, 'Oftalmologia zwierz¹t domowych', '2001-11-09 03:00:00', '73092917865');

insert into Pracownik_ZOO (Id_Osoby, Stanowisko, Specjalizacja)
values (11, 'Kierownik ZOO', 'Hodowla zwierz¹t'),
       (12, 'Przewodnik ZOO', 'Edukacja o zwierzêtach'),
       (13, 'Pracownik ds. zwierz¹t ZOO', 'Opieka nad zwierzêtami'),
       (14, 'Pracownik ds. ogrodnictwa ZOO', 'Hodowla roœlin'),
       (15, 'Ogrodnik ZOO', 'Hodowla roœlin'),
       (16, 'Opiekun zwierz¹t ZOO', 'Opieka nad zwierzêtami'),
       (17, 'Technik ZOO', 'Obs³uga sprzêtu'),
       (18, 'Sprzedawca ZOO', 'Obs³uga klienta'),
	   (19, 'Kasjer ZOO', 'Obs³uga finansowa'),
       (20, 'Ochroniarz ZOO', 'Ochrona ZOO');


insert into Wizyta (Id_Weterynarza, Id_Choroby, Id_Zwierzêcia, Data_Wizyty, Koszt)
values (101, 1, 3, '2022-01-09 17:00:00', 150),
       (102, 9, 2, '2022-03-01 18:30:00', 110),
       (103, 3, 1, '2018-05-11 15:15:00', 175),
       (104, 4, 9, '2022-07-02 12:05:00', 125),
       (105, 6, 5, '2022-09-13 11:00:00', 150),
       (106, 5, 8, '2022-11-12 09:00:00', 160),
       (107, 7, 7, '2019-01-03 08:30:00', 140),
       (108, 8, 6, '2020-03-02 08:45:00', 155),
       (109, 2, 4, '2022-05-10 10:50:00', 150),
       (110, 14, 19, '2022-08-13 15:50:00', 120),
       (101, 10, 15, '2022-07-02 12:00:00', 110),
       (102, 19, 18, '2020-09-22 16:25:00', 150),
       (103, 17, 13, '2022-11-24 08:50:00', 90),
       (104, 13, 12, '2022-01-03 13:10:00', 150),
       (105, 11, 14, '2022-03-24 11:25:00', 90),
       (106, 15, 10, '2021-12-04 12:00:00', 80),
       (107, 16, 16, '2022-02-28 08:00:00', 200),
       (108, 12, 17, '2022-04-05 08:10:00', 110),
       (109, 18, 11, '2021-06-05 08:00:00', 250),
       (110, 20, 20, '2022-10-03 08:05:00', 175);

insert into Dieta_Zwierzêcia (Id_Wizyty, Id_Zwierzêcia, Kalorycznoœæ, Rodzaj)
values (10001, 3, 1000, 'Uzupe³niona'),
	   (10002, 2, 1200, 'Hipoalergiczna'),
       (10003, 1, 1500, 'Dla szczeni¹t'),
       (10004, 9, 1100, 'Wysokot³uszczowa'),
       (10005, 5, 1600, 'Bezglutenowa'),
       (10006, 8, 1300, 'Z mikroelementami'),
       (10007, 7, 1700, 'Uzupe³niona'),
       (10008, 6, 1400, 'Z witaminami'),
       (10009, 4, 1800, 'Hipoalergiczna'),
       (10010, 19, 1500, 'Niskob³onnikowa'),
       (10011, 15, 1900, 'Bezglutenowa'),
       (10012, 18, 1600, 'Niskot³uszczowa'),
       (10013, 13, 2000, 'Wysokob³onnikowa'),
       (10014, 12, 1700, 'Hipoalergiczna'),
       (10015, 14, 2100, 'Z witaminami'),
       (10016, 10, 1800, 'Z mikroelementami'),
       (10017, 16, 2200, 'Z witaminami'),
       (10018, 17, 1900, 'Wysokob³onnikowa'),
       (10019, 11, 2300, 'Niskoalergiczna'),
       (10020, 20, 2000, 'Od¿ywcza');

insert into Karmienie (Id_Pracownika_ZOO, Id_Diety_Zwierzêcia, Stopieñ_Niebezpieczeñstwa)
values (111, 1001, 3),
	   (112, 1002, 2),
       (113, 1003, 1),
       (114, 1004, 2),
       (115, 1005, 1),
       (116, 1006, 2),
       (117, 1007, 3),
       (118, 1008, 2),
       (119, 1009, 1),
       (120, 1010, 2),
       (111, 1011, 3),
       (112, 1012, 2),
       (113, 1013, 1),
       (114, 1014, 2),
       (115, 1015, 1),
       (116, 1016, 2),
       (117, 1017, 1),
       (118, 1018, 3),
       (119, 1019, 1),
       (120, 1020, 2);


insert into Sk³adnik (Id_Diety_Zwierzêcia, Iloœæ, Waga, Cena, Nazwa)
values (1001, 12, 300, 10, 'ry¿'),
	   (1002, 1, 100, 5, 'fasola'),
	   (1003, 5, 400, 15, 'kurczak'),
	   (1004, 23, 200, 10, 'broku³y'),
	   (1005, 4, 500, 20, 'wieprzowina'),
	   (1006, 10, 300, 15, 'szpinak'),
	   (1007, 5, 600, 25, 'owies'),
	   (1008, 4, 400, 20, 'pomarañcze'),
	   (1009, 9, 700, 30, 'jajka'),
	   (1010, 5, 500, 25, 'oregano'),
	   (1011, 7, 800, 35, 'œledŸ'),
	   (1012, 1, 600, 30, 'orzechy w³oskie'),
	   (1013, 8, 900, 40, 'mleko'),
	   (1014, 7, 700, 35, 'ziemniaki'),
	   (1015, 9, 1000, 45, 'pestki s³onecznika'),
	   (1016, 8, 800, 40, 'wapno'),
	   (1017, 10, 1100, 50, 'jogurt'),
	   (1018, 9, 900, 45, 'truskawki'),
	   (1019, 11, 1200, 55, 'dynia'),
	   (1020, 10, 1000, 50, 'kapusta');